id,Pcode_Ad_0,Pcode_Ad_1,Pcode_Ad_2,Pcode_Ad_3
1,ML,ML01,ML0103,ML010301
2,ML,ML01,ML0103,ML010302
3,ML,ML01,ML0103,ML010303
4,ML,ML01,ML0103,ML010304
5,ML,ML01,ML0103,ML010305
6,ML,ML01,ML0103,ML010306
7,ML,ML01,ML0103,ML010307
8,ML,ML01,ML0103,ML010308
9,ML,ML01,ML0103,ML010309
10,ML,ML01,ML0103,ML010310
11,ML,ML01,ML0103,ML010311
12,ML,ML01,ML0103,ML010312
13,ML,ML01,ML0103,ML010313
14,ML,ML01,ML0103,ML010314
15,ML,ML01,ML0103,ML010315
16,ML,ML01,ML0107,ML010707
17,ML,ML01,ML0103,ML010316
18,ML,ML01,ML0103,ML010317
19,ML,ML01,ML0103,ML010318
20,ML,ML01,ML0103,ML010319
21,ML,ML01,ML0103,ML010320
22,ML,ML01,ML0103,ML010321
23,ML,ML01,ML0103,ML010322
24,ML,ML01,ML0103,ML010323
25,ML,ML01,ML0103,ML010324
26,ML,ML01,ML0103,ML010325
27,ML,ML01,ML0103,ML010326
28,ML,ML01,ML0103,ML010327
29,ML,ML01,ML0103,ML010328
30,ML,ML01,ML0101,ML010101
31,ML,ML01,ML0101,ML010102
32,ML,ML01,ML0101,ML010103
33,ML,ML01,ML0101,ML010104
34,ML,ML01,ML0101,ML010105
35,ML,ML01,ML0101,ML010106
36,ML,ML01,ML0101,ML010107
37,ML,ML01,ML0101,ML010108
38,ML,ML01,ML0101,ML010109
39,ML,ML01,ML0101,ML010110
40,ML,ML01,ML0101,ML010111
41,ML,ML01,ML0101,ML010112
42,ML,ML01,ML0101,ML010113
43,ML,ML01,ML0102,ML010201
44,ML,ML01,ML0102,ML010202
45,ML,ML01,ML0102,ML010203
46,ML,ML01,ML0102,ML010204
47,ML,ML01,ML0102,ML010205
48,ML,ML01,ML0102,ML010206
49,ML,ML01,ML0102,ML010207
50,ML,ML01,ML0102,ML010208
51,ML,ML01,ML0102,ML010209
52,ML,ML01,ML0102,ML010210
53,ML,ML01,ML0102,ML010211
54,ML,ML01,ML0102,ML010212
55,ML,ML01,ML0102,ML010213
56,ML,ML01,ML0102,ML010214
57,ML,ML01,ML0102,ML010215
58,ML,ML01,ML0104,ML010401
59,ML,ML01,ML0104,ML010402
60,ML,ML01,ML0104,ML010403
61,ML,ML01,ML0104,ML010404
62,ML,ML01,ML0104,ML010405
63,ML,ML02,ML0204,ML020414
64,ML,ML01,ML0104,ML010406
65,ML,ML01,ML0104,ML010407
66,ML,ML01,ML0104,ML010408
67,ML,ML01,ML0104,ML010409
68,ML,ML01,ML0104,ML010410
69,ML,ML01,ML0104,ML010411
70,ML,ML01,ML0104,ML010412
71,ML,ML01,ML0105,ML010501
72,ML,ML01,ML0105,ML010502
73,ML,ML01,ML0105,ML010503
74,ML,ML01,ML0105,ML010504
75,ML,ML01,ML0105,ML010505
76,ML,ML01,ML0105,ML010506
77,ML,ML01,ML0105,ML010507
78,ML,ML01,ML0105,ML010508
79,ML,ML01,ML0105,ML010509
80,ML,ML01,ML0105,ML010510
81,ML,ML01,ML0105,ML010511
82,ML,ML01,ML0105,ML010512
83,ML,ML01,ML0105,ML010513
84,ML,ML01,ML0105,ML010514
85,ML,ML01,ML0105,ML010515
86,ML,ML01,ML0105,ML010516
87,ML,ML01,ML0105,ML010517
88,ML,ML01,ML0105,ML010518
89,ML,ML01,ML0105,ML010519
90,ML,ML01,ML0105,ML010520
91,ML,ML01,ML0105,ML010521
92,ML,ML01,ML0105,ML010522
93,ML,ML01,ML0105,ML010523
94,ML,ML01,ML0105,ML010524
95,ML,ML01,ML0105,ML010525
96,ML,ML01,ML0105,ML010526
97,ML,ML01,ML0105,ML010527
98,ML,ML01,ML0105,ML010528
99,ML,ML01,ML0105,ML010529
100,ML,ML01,ML0105,ML010530
101,ML,ML01,ML0105,ML010531
102,ML,ML01,ML0105,ML010532
103,ML,ML01,ML0105,ML010533
104,ML,ML01,ML0106,ML010601
105,ML,ML01,ML0106,ML010602
106,ML,ML01,ML0106,ML010603
107,ML,ML01,ML0106,ML010604
108,ML,ML01,ML0106,ML010605
109,ML,ML01,ML0106,ML010606
110,ML,ML01,ML0106,ML010607
111,ML,ML01,ML0106,ML010608
112,ML,ML01,ML0106,ML010609
113,ML,ML01,ML0106,ML010610
114,ML,ML01,ML0106,ML010611
115,ML,ML01,ML0106,ML010612
116,ML,ML01,ML0106,ML010613
117,ML,ML01,ML0106,ML010614
118,ML,ML01,ML0106,ML010615
119,ML,ML01,ML0106,ML010616
120,ML,ML01,ML0107,ML010701
121,ML,ML01,ML0107,ML010702
122,ML,ML01,ML0107,ML010703
123,ML,ML01,ML0107,ML010704
124,ML,ML01,ML0107,ML010705
125,ML,ML01,ML0107,ML010706
126,ML,ML01,ML0107,ML010708
127,ML,ML01,ML0107,ML010709
128,ML,ML01,ML0107,ML010710
129,ML,ML01,ML0107,ML010711
130,ML,ML01,ML0107,ML010712
131,ML,ML02,ML0206,ML020601
132,ML,ML02,ML0206,ML020602
133,ML,ML02,ML0206,ML020603
134,ML,ML02,ML0206,ML020604
135,ML,ML02,ML0206,ML020605
136,ML,ML02,ML0206,ML020606
137,ML,ML02,ML0206,ML020607
138,ML,ML02,ML0206,ML020608
139,ML,ML02,ML0206,ML020609
140,ML,ML02,ML0201,ML020101
141,ML,ML02,ML0201,ML020103
142,ML,ML02,ML0201,ML020104
143,ML,ML02,ML0201,ML020105
144,ML,ML02,ML0201,ML020106
145,ML,ML02,ML0201,ML020107
146,ML,ML02,ML0201,ML020108
147,ML,ML02,ML0201,ML020109
148,ML,ML02,ML0202,ML020201
149,ML,ML02,ML0202,ML020202
150,ML,ML02,ML0202,ML020203
151,ML,ML02,ML0202,ML020204
152,ML,ML02,ML0202,ML020205
153,ML,ML02,ML0202,ML020206
154,ML,ML02,ML0202,ML020207
155,ML,ML02,ML0202,ML020208
156,ML,ML02,ML0202,ML020209
157,ML,ML02,ML0202,ML020210
158,ML,ML02,ML0202,ML020211
159,ML,ML02,ML0202,ML020212
160,ML,ML02,ML0202,ML020213
161,ML,ML02,ML0202,ML020214
162,ML,ML02,ML0202,ML020215
163,ML,ML02,ML0202,ML020216
164,ML,ML02,ML0202,ML020217
165,ML,ML02,ML0202,ML020218
166,ML,ML02,ML0202,ML020219
167,ML,ML02,ML0202,ML020220
168,ML,ML02,ML0202,ML020221
169,ML,ML02,ML0202,ML020222
170,ML,ML02,ML0202,ML020223
171,ML,ML02,ML0203,ML020301
172,ML,ML02,ML0203,ML020302
173,ML,ML02,ML0203,ML020303
174,ML,ML02,ML0203,ML020304
175,ML,ML02,ML0203,ML020305
176,ML,ML02,ML0203,ML020306
177,ML,ML02,ML0203,ML020307
178,ML,ML02,ML0203,ML020308
179,ML,ML02,ML0203,ML020309
180,ML,ML02,ML0204,ML020401
181,ML,ML02,ML0204,ML020402
182,ML,ML02,ML0204,ML020403
183,ML,ML02,ML0204,ML020404
184,ML,ML02,ML0204,ML020405
185,ML,ML02,ML0204,ML020406
186,ML,ML02,ML0204,ML020407
187,ML,ML02,ML0204,ML020408
188,ML,ML02,ML0204,ML020409
189,ML,ML02,ML0204,ML020410
190,ML,ML02,ML0204,ML020411
191,ML,ML02,ML0204,ML020412
192,ML,ML02,ML0204,ML020413
193,ML,ML02,ML0204,ML020415
194,ML,ML02,ML0204,ML020416
195,ML,ML02,ML0204,ML020417
196,ML,ML02,ML0204,ML020418
197,ML,ML02,ML0204,ML020419
198,ML,ML02,ML0204,ML020420
199,ML,ML02,ML0204,ML020421
200,ML,ML02,ML0204,ML020422
201,ML,ML02,ML0204,ML020423
202,ML,ML02,ML0204,ML020424
203,ML,ML02,ML0204,ML020425
204,ML,ML02,ML0204,ML020426
205,ML,ML02,ML0204,ML020427
206,ML,ML02,ML0204,ML020428
207,ML,ML02,ML0204,ML020429
208,ML,ML02,ML0204,ML020430
209,ML,ML02,ML0204,ML020431
210,ML,ML02,ML0204,ML020432
211,ML,ML02,ML0204,ML020433
212,ML,ML02,ML0204,ML020434
213,ML,ML02,ML0204,ML020435
214,ML,ML02,ML0204,ML020436
215,ML,ML02,ML0204,ML020437
216,ML,ML02,ML0201,ML020102
217,ML,ML02,ML0205,ML020501
218,ML,ML02,ML0205,ML020502
219,ML,ML02,ML0205,ML020503
220,ML,ML02,ML0205,ML020504
221,ML,ML02,ML0205,ML020505
222,ML,ML02,ML0205,ML020506
223,ML,ML02,ML0205,ML020507
224,ML,ML02,ML0205,ML020508
225,ML,ML02,ML0205,ML020509
226,ML,ML02,ML0205,ML020510
227,ML,ML02,ML0207,ML020701
228,ML,ML02,ML0207,ML020702
229,ML,ML02,ML0207,ML020703
230,ML,ML02,ML0207,ML020704
231,ML,ML02,ML0207,ML020705
232,ML,ML02,ML0207,ML020706
233,ML,ML02,ML0207,ML020707
234,ML,ML02,ML0207,ML020708
235,ML,ML02,ML0207,ML020709
236,ML,ML02,ML0207,ML020710
237,ML,ML02,ML0207,ML020711
238,ML,ML03,ML0302,ML030201
239,ML,ML03,ML0302,ML030202
240,ML,ML03,ML0302,ML030203
241,ML,ML03,ML0302,ML030204
242,ML,ML03,ML0302,ML030205
243,ML,ML03,ML0302,ML030206
244,ML,ML03,ML0302,ML030207
245,ML,ML03,ML0302,ML030208
246,ML,ML03,ML0302,ML030209
247,ML,ML03,ML0307,ML030701
248,ML,ML03,ML0307,ML030702
249,ML,ML03,ML0307,ML030703
250,ML,ML03,ML0307,ML030704
251,ML,ML03,ML0307,ML030705
252,ML,ML03,ML0307,ML030706
253,ML,ML03,ML0307,ML030707
254,ML,ML03,ML0307,ML030708
255,ML,ML03,ML0307,ML030709
256,ML,ML03,ML0303,ML030301
257,ML,ML03,ML0303,ML030302
258,ML,ML03,ML0303,ML030303
259,ML,ML03,ML0303,ML030304
260,ML,ML03,ML0303,ML030305
261,ML,ML03,ML0303,ML030306
262,ML,ML03,ML0303,ML030307
263,ML,ML03,ML0303,ML030308
264,ML,ML03,ML0303,ML030309
265,ML,ML03,ML0303,ML030310
266,ML,ML03,ML0303,ML030311
267,ML,ML03,ML0303,ML030312
268,ML,ML03,ML0306,ML030601
269,ML,ML03,ML0306,ML030602
270,ML,ML03,ML0301,ML030121
271,ML,ML03,ML0306,ML030603
272,ML,ML03,ML0306,ML030604
273,ML,ML03,ML0306,ML030605
274,ML,ML03,ML0306,ML030606
275,ML,ML03,ML0306,ML030607
276,ML,ML03,ML0306,ML030608
277,ML,ML03,ML0306,ML030609
278,ML,ML03,ML0306,ML030610
279,ML,ML03,ML0306,ML030611
280,ML,ML03,ML0306,ML030612
281,ML,ML03,ML0304,ML030401
282,ML,ML03,ML0304,ML030402
283,ML,ML03,ML0304,ML030403
284,ML,ML03,ML0304,ML030404
285,ML,ML03,ML0304,ML030406
286,ML,ML03,ML0304,ML030405
287,ML,ML03,ML0304,ML030407
288,ML,ML03,ML0304,ML030408
289,ML,ML03,ML0304,ML030409
290,ML,ML03,ML0304,ML030410
291,ML,ML03,ML0304,ML030411
292,ML,ML03,ML0304,ML030412
293,ML,ML03,ML0304,ML030413
294,ML,ML03,ML0304,ML030414
295,ML,ML03,ML0304,ML030415
296,ML,ML03,ML0304,ML030416
297,ML,ML03,ML0304,ML030417
298,ML,ML03,ML0304,ML030418
299,ML,ML03,ML0304,ML030419
300,ML,ML03,ML0304,ML030420
301,ML,ML03,ML0304,ML030421
302,ML,ML03,ML0304,ML030422
303,ML,ML03,ML0304,ML030423
304,ML,ML03,ML0304,ML030425
305,ML,ML03,ML0304,ML030426
306,ML,ML03,ML0304,ML030427
307,ML,ML03,ML0304,ML030428
308,ML,ML03,ML0304,ML030429
309,ML,ML03,ML0304,ML030430
310,ML,ML03,ML0304,ML030431
311,ML,ML03,ML0304,ML030432
312,ML,ML03,ML0304,ML030433
313,ML,ML03,ML0304,ML030434
314,ML,ML03,ML0304,ML030435
315,ML,ML03,ML0304,ML030436
316,ML,ML03,ML0301,ML030101
317,ML,ML03,ML0301,ML030102
318,ML,ML03,ML0301,ML030103
319,ML,ML03,ML0301,ML030104
320,ML,ML03,ML0301,ML030105
321,ML,ML03,ML0301,ML030106
322,ML,ML03,ML0301,ML030107
323,ML,ML03,ML0301,ML030108
324,ML,ML03,ML0301,ML030109
325,ML,ML03,ML0301,ML030110
326,ML,ML03,ML0301,ML030111
327,ML,ML03,ML0301,ML030112
328,ML,ML03,ML0301,ML030113
329,ML,ML03,ML0301,ML030114
330,ML,ML03,ML0301,ML030115
331,ML,ML03,ML0301,ML030116
332,ML,ML03,ML0301,ML030117
333,ML,ML03,ML0301,ML030118
334,ML,ML03,ML0301,ML030119
335,ML,ML03,ML0301,ML030120
336,ML,ML03,ML0301,ML030122
337,ML,ML03,ML0301,ML030123
338,ML,ML03,ML0301,ML030124
339,ML,ML03,ML0301,ML030125
340,ML,ML03,ML0301,ML030126
341,ML,ML03,ML0305,ML030501
342,ML,ML03,ML0305,ML030502
343,ML,ML03,ML0305,ML030503
344,ML,ML03,ML0305,ML030504
345,ML,ML03,ML0305,ML030505
346,ML,ML03,ML0305,ML030506
347,ML,ML03,ML0305,ML030507
348,ML,ML03,ML0305,ML030508
349,ML,ML03,ML0305,ML030509
350,ML,ML03,ML0305,ML030510
351,ML,ML03,ML0305,ML030511
352,ML,ML03,ML0305,ML030512
353,ML,ML03,ML0305,ML030513
354,ML,ML03,ML0305,ML030514
355,ML,ML03,ML0305,ML030515
356,ML,ML03,ML0305,ML030516
357,ML,ML03,ML0305,ML030517
358,ML,ML03,ML0305,ML030518
359,ML,ML03,ML0305,ML030519
360,ML,ML03,ML0305,ML030520
361,ML,ML03,ML0305,ML030521
362,ML,ML03,ML0305,ML030522
363,ML,ML03,ML0305,ML030523
364,ML,ML03,ML0305,ML030524
365,ML,ML03,ML0305,ML030525
366,ML,ML03,ML0305,ML030526
367,ML,ML03,ML0305,ML030527
368,ML,ML03,ML0305,ML030528
369,ML,ML03,ML0305,ML030529
370,ML,ML03,ML0305,ML030537
371,ML,ML03,ML0305,ML030530
372,ML,ML03,ML0305,ML030531
373,ML,ML03,ML0305,ML030532
374,ML,ML03,ML0305,ML030533
375,ML,ML03,ML0305,ML030534
376,ML,ML03,ML0305,ML030535
377,ML,ML03,ML0305,ML030536
378,ML,ML03,ML0305,ML030538
379,ML,ML03,ML0305,ML030539
380,ML,ML03,ML0305,ML030540
381,ML,ML03,ML0305,ML030541
382,ML,ML03,ML0305,ML030542
383,ML,ML03,ML0305,ML030543
384,ML,ML04,ML0401,ML040101
385,ML,ML04,ML0401,ML040102
386,ML,ML04,ML0401,ML040103
387,ML,ML04,ML0401,ML040104
388,ML,ML04,ML0401,ML040105
389,ML,ML04,ML0401,ML040106
390,ML,ML04,ML0406,ML040618
391,ML,ML04,ML0401,ML040107
392,ML,ML04,ML0406,ML040623
393,ML,ML04,ML0401,ML040108
394,ML,ML04,ML0401,ML040109
395,ML,ML04,ML0401,ML040110
396,ML,ML04,ML0401,ML040111
397,ML,ML04,ML0406,ML040601
398,ML,ML04,ML0406,ML040602
399,ML,ML04,ML0406,ML040603
400,ML,ML04,ML0406,ML040604
401,ML,ML04,ML0406,ML040605
402,ML,ML04,ML0406,ML040606
403,ML,ML04,ML0406,ML040607
404,ML,ML04,ML0406,ML040608
405,ML,ML04,ML0406,ML040609
406,ML,ML04,ML0406,ML040610
407,ML,ML04,ML0406,ML040611
408,ML,ML04,ML0406,ML040612
409,ML,ML04,ML0406,ML040613
410,ML,ML04,ML0406,ML040614
411,ML,ML04,ML0406,ML040615
412,ML,ML04,ML0406,ML040616
413,ML,ML04,ML0406,ML040617
414,ML,ML04,ML0406,ML040619
415,ML,ML04,ML0406,ML040620
416,ML,ML04,ML0406,ML040621
417,ML,ML04,ML0406,ML040622
418,ML,ML04,ML0406,ML040624
419,ML,ML04,ML0406,ML040625
420,ML,ML04,ML0406,ML040626
421,ML,ML04,ML0406,ML040627
422,ML,ML04,ML0406,ML040628
423,ML,ML04,ML0406,ML040629
424,ML,ML04,ML0406,ML040630
425,ML,ML04,ML0402,ML040201
426,ML,ML04,ML0402,ML040202
427,ML,ML04,ML0402,ML040203
428,ML,ML04,ML0402,ML040204
429,ML,ML04,ML0402,ML040205
430,ML,ML04,ML0402,ML040206
431,ML,ML04,ML0402,ML040207
432,ML,ML04,ML0402,ML040208
433,ML,ML04,ML0402,ML040209
434,ML,ML04,ML0402,ML040210
435,ML,ML04,ML0402,ML040211
436,ML,ML04,ML0402,ML040212
437,ML,ML03,ML0304,ML030424
438,ML,ML04,ML0402,ML040213
439,ML,ML04,ML0402,ML040214
440,ML,ML04,ML0402,ML040215
441,ML,ML04,ML0402,ML040216
442,ML,ML04,ML0402,ML040217
443,ML,ML04,ML0405,ML040501
444,ML,ML04,ML0405,ML040502
445,ML,ML04,ML0405,ML040503
446,ML,ML04,ML0405,ML040504
447,ML,ML04,ML0405,ML040505
448,ML,ML04,ML0405,ML040506
449,ML,ML04,ML0405,ML040507
450,ML,ML04,ML0405,ML040508
451,ML,ML04,ML0405,ML040509
452,ML,ML04,ML0405,ML040510
453,ML,ML04,ML0405,ML040511
454,ML,ML04,ML0405,ML040512
455,ML,ML04,ML0405,ML040513
456,ML,ML04,ML0405,ML040514
457,ML,ML04,ML0405,ML040515
458,ML,ML04,ML0405,ML040516
459,ML,ML04,ML0405,ML040517
460,ML,ML04,ML0405,ML040518
461,ML,ML04,ML0405,ML040519
462,ML,ML04,ML0405,ML040520
463,ML,ML04,ML0405,ML040521
464,ML,ML04,ML0405,ML040522
465,ML,ML04,ML0405,ML040523
466,ML,ML04,ML0405,ML040524
467,ML,ML04,ML0405,ML040525
468,ML,ML04,ML0404,ML040401
469,ML,ML04,ML0404,ML040402
470,ML,ML04,ML0404,ML040403
471,ML,ML04,ML0404,ML040404
472,ML,ML04,ML0404,ML040405
473,ML,ML04,ML0404,ML040406
474,ML,ML04,ML0404,ML040407
475,ML,ML04,ML0404,ML040408
476,ML,ML04,ML0404,ML040409
477,ML,ML04,ML0404,ML040410
478,ML,ML04,ML0404,ML040411
479,ML,ML04,ML0404,ML040412
480,ML,ML04,ML0407,ML040701
481,ML,ML04,ML0407,ML040702
482,ML,ML04,ML0407,ML040703
483,ML,ML04,ML0407,ML040704
484,ML,ML04,ML0407,ML040705
485,ML,ML04,ML0407,ML040706
486,ML,ML04,ML0407,ML040707
487,ML,ML04,ML0407,ML040708
488,ML,ML04,ML0407,ML040709
489,ML,ML04,ML0407,ML040710
490,ML,ML04,ML0407,ML040711
491,ML,ML04,ML0407,ML040712
492,ML,ML04,ML0403,ML040301
493,ML,ML04,ML0403,ML040302
494,ML,ML04,ML0403,ML040303
495,ML,ML04,ML0403,ML040304
496,ML,ML04,ML0403,ML040305
497,ML,ML04,ML0403,ML040306
498,ML,ML04,ML0403,ML040307
499,ML,ML04,ML0403,ML040308
500,ML,ML04,ML0403,ML040309
501,ML,ML04,ML0403,ML040310
502,ML,ML04,ML0403,ML040311
503,ML,ML05,ML0506,ML050601
504,ML,ML05,ML0506,ML050602
505,ML,ML05,ML0506,ML050603
506,ML,ML05,ML0506,ML050604
507,ML,ML05,ML0506,ML050605
508,ML,ML05,ML0506,ML050606
509,ML,ML05,ML0506,ML050607
510,ML,ML05,ML0506,ML050608
511,ML,ML05,ML0506,ML050609
512,ML,ML05,ML0506,ML050610
513,ML,ML05,ML0506,ML050611
514,ML,ML05,ML0506,ML050613
515,ML,ML05,ML0506,ML050614
516,ML,ML05,ML0506,ML050615
517,ML,ML05,ML0501,ML050101
518,ML,ML05,ML0501,ML050102
519,ML,ML05,ML0501,ML050103
520,ML,ML05,ML0501,ML050104
521,ML,ML05,ML0501,ML050105
522,ML,ML05,ML0501,ML050106
523,ML,ML05,ML0501,ML050107
524,ML,ML05,ML0501,ML050108
525,ML,ML05,ML0505,ML050509
526,ML,ML05,ML0501,ML050109
527,ML,ML05,ML0501,ML050110
528,ML,ML05,ML0501,ML050111
529,ML,ML05,ML0501,ML050112
530,ML,ML05,ML0501,ML050113
531,ML,ML05,ML0501,ML050114
532,ML,ML05,ML0501,ML050115
533,ML,ML05,ML0501,ML050116
534,ML,ML05,ML0501,ML050117
535,ML,ML05,ML0501,ML050118
536,ML,ML05,ML0501,ML050119
537,ML,ML05,ML0501,ML050120
538,ML,ML05,ML0501,ML050121
539,ML,ML05,ML0502,ML050201
540,ML,ML05,ML0502,ML050202
541,ML,ML05,ML0502,ML050203
542,ML,ML05,ML0502,ML050204
543,ML,ML05,ML0502,ML050205
544,ML,ML05,ML0502,ML050206
545,ML,ML05,ML0502,ML050207
546,ML,ML05,ML0502,ML050208
547,ML,ML05,ML0502,ML050209
548,ML,ML05,ML0502,ML050210
549,ML,ML05,ML0502,ML050211
550,ML,ML05,ML0502,ML050212
551,ML,ML05,ML0508,ML050801
552,ML,ML05,ML0508,ML050802
553,ML,ML05,ML0508,ML050803
554,ML,ML05,ML0508,ML050804
555,ML,ML05,ML0508,ML050805
556,ML,ML05,ML0508,ML050806
557,ML,ML05,ML0508,ML050807
558,ML,ML05,ML0503,ML050301
559,ML,ML05,ML0503,ML050302
560,ML,ML05,ML0503,ML050303
561,ML,ML05,ML0503,ML050304
562,ML,ML05,ML0503,ML050305
563,ML,ML05,ML0503,ML050306
564,ML,ML05,ML0503,ML050307
565,ML,ML05,ML0503,ML050308
566,ML,ML05,ML0503,ML050309
567,ML,ML05,ML0503,ML050310
568,ML,ML05,ML0503,ML050311
569,ML,ML05,ML0503,ML050312
570,ML,ML05,ML0504,ML050401
571,ML,ML05,ML0504,ML050402
572,ML,ML05,ML0504,ML050403
573,ML,ML05,ML0504,ML050404
574,ML,ML05,ML0504,ML050405
575,ML,ML05,ML0504,ML050406
576,ML,ML05,ML0504,ML050407
577,ML,ML05,ML0504,ML050408
578,ML,ML05,ML0504,ML050409
579,ML,ML05,ML0504,ML050410
580,ML,ML05,ML0504,ML050411
581,ML,ML05,ML0504,ML050412
582,ML,ML05,ML0504,ML050413
583,ML,ML05,ML0504,ML050414
584,ML,ML05,ML0504,ML050415
585,ML,ML05,ML0505,ML050501
586,ML,ML05,ML0505,ML050502
587,ML,ML05,ML0505,ML050503
588,ML,ML05,ML0505,ML050504
589,ML,ML05,ML0505,ML050505
590,ML,ML05,ML0505,ML050506
591,ML,ML05,ML0505,ML050507
592,ML,ML05,ML0505,ML050508
593,ML,ML05,ML0505,ML050510
594,ML,ML05,ML0505,ML050511
595,ML,ML05,ML0505,ML050512
596,ML,ML05,ML0505,ML050513
597,ML,ML05,ML0505,ML050514
598,ML,ML05,ML0505,ML050515
599,ML,ML05,ML0505,ML050516
600,ML,ML05,ML0507,ML050701
601,ML,ML05,ML0507,ML050702
602,ML,ML05,ML0507,ML050703
603,ML,ML05,ML0507,ML050704
604,ML,ML05,ML0507,ML050705
605,ML,ML05,ML0507,ML050706
606,ML,ML05,ML0506,ML050612
607,ML,ML05,ML0507,ML050707
608,ML,ML05,ML0507,ML050708
609,ML,ML05,ML0507,ML050709
610,ML,ML05,ML0507,ML050710
611,ML,ML06,ML0605,ML060501
612,ML,ML06,ML0605,ML060502
613,ML,ML06,ML0605,ML060503
614,ML,ML06,ML0605,ML060504
615,ML,ML06,ML0605,ML060505
616,ML,ML06,ML0605,ML060506
617,ML,ML06,ML0601,ML060101
618,ML,ML06,ML0601,ML060102
619,ML,ML06,ML0601,ML060103
620,ML,ML06,ML0601,ML060104
621,ML,ML06,ML0601,ML060105
622,ML,ML06,ML0601,ML060106
623,ML,ML06,ML0601,ML060107
624,ML,ML06,ML0601,ML060108
625,ML,ML06,ML0601,ML060109
626,ML,ML06,ML0601,ML060110
627,ML,ML06,ML0601,ML060111
628,ML,ML06,ML0601,ML060112
629,ML,ML06,ML0601,ML060113
630,ML,ML06,ML0602,ML060201
631,ML,ML06,ML0602,ML060202
632,ML,ML06,ML0602,ML060203
633,ML,ML06,ML0602,ML060204
634,ML,ML06,ML0602,ML060205
635,ML,ML06,ML0602,ML060206
636,ML,ML06,ML0602,ML060207
637,ML,ML06,ML0602,ML060208
638,ML,ML06,ML0602,ML060209
639,ML,ML06,ML0602,ML060210
640,ML,ML06,ML0602,ML060211
641,ML,ML06,ML0602,ML060212
642,ML,ML06,ML0602,ML060213
643,ML,ML06,ML0602,ML060214
644,ML,ML06,ML0602,ML060215
645,ML,ML06,ML0602,ML060216
646,ML,ML06,ML0603,ML060301
647,ML,ML06,ML0603,ML060302
648,ML,ML06,ML0603,ML060303
649,ML,ML06,ML0603,ML060304
650,ML,ML06,ML0603,ML060305
651,ML,ML06,ML0603,ML060306
652,ML,ML06,ML0603,ML060307
653,ML,ML06,ML0603,ML060308
654,ML,ML06,ML0603,ML060309
655,ML,ML06,ML0604,ML060401
656,ML,ML06,ML0604,ML060402
657,ML,ML06,ML0604,ML060403
658,ML,ML06,ML0604,ML060404
659,ML,ML06,ML0604,ML060405
660,ML,ML06,ML0604,ML060406
661,ML,ML06,ML0604,ML060407
662,ML,ML06,ML0604,ML060408
663,ML,ML07,ML0703,ML070301
664,ML,ML07,ML0703,ML070302
665,ML,ML07,ML0703,ML070303
666,ML,ML07,ML0703,ML070304
667,ML,ML07,ML0703,ML070305
668,ML,ML07,ML0703,ML070306
669,ML,ML07,ML0703,ML070307
670,ML,ML07,ML0701,ML070101
671,ML,ML07,ML0701,ML070102
672,ML,ML07,ML0701,ML070103
673,ML,ML07,ML0701,ML070104
674,ML,ML07,ML0701,ML070105
675,ML,ML07,ML0701,ML070106
676,ML,ML07,ML0701,ML070107
677,ML,ML07,ML0702,ML070201
678,ML,ML07,ML0702,ML070202
679,ML,ML07,ML0702,ML070203
680,ML,ML07,ML0702,ML070204
681,ML,ML07,ML0702,ML070205
682,ML,ML07,ML0704,ML070405
683,ML,ML07,ML0704,ML070401
684,ML,ML07,ML0704,ML070402
685,ML,ML07,ML0704,ML070403
686,ML,ML07,ML0704,ML070404
687,ML,ML08,ML0802,ML080201
688,ML,ML08,ML0802,ML080203
689,ML,ML08,ML0804,ML080402
690,ML,ML08,ML0804,ML080401
691,ML,ML08,ML0801,ML080101
692,ML,ML08,ML0801,ML080102
693,ML,ML08,ML0801,ML080103
694,ML,ML08,ML0803,ML080301
695,ML,ML08,ML0802,ML080202
696,ML,ML08,ML0803,ML080302
697,ML,ML08,ML0803,ML080303
698,ML,ML09,ML0901,ML090101
699,ML,ML09,ML0901,ML090102
700,ML,ML09,ML0901,ML090103
701,ML,ML09,ML0901,ML090104
702,ML,ML09,ML0901,ML090105
703,ML,ML09,ML0901,ML090106
